1520160047280,0.015980236,-0.026633725,0.02130698,3,standing
1520160047288,0.02130698,-0.015980236,0.02130698,3,standing
1520160047293,0.02130698,0.0,0.013316862,3,standing
1520160047298,0.015980236,0.018643608,0.0026633726,3,standing
1520160047303,0.005326745,0.037287217,0.0,3,standing
1520160047308,-0.007990118,0.037287217,0.0,3,standing
1520160047313,-0.026633725,0.029297099,0.0026633726,3,standing
1520160047318,-0.05060408,0.02130698,0.0026633726,3,standing
1520160047323,-0.07191106,0.007990118,0.0,3,standing
1520160047328,-0.08522792,0.0,0.0,3,standing
1520160047333,-0.087891296,-0.005326745,0.0,3,standing
1520160047340,-0.07990117,-0.015980236,0.0026633726,3,standing
1520160047381,-0.0026633726,-0.013316862,0.0,3,standing
1520160047387,-0.026633725,-0.005326745,-0.005326745,3,standing
1520160047390,-0.026633725,-0.005326745,-0.005326745,3,standing
1520160047395,-0.05060408,0.0,-0.007990118,3,standing
1520160047404,-0.087891296,0.007990118,-0.005326745,3,standing
1520160047408,-0.098544784,0.005326745,0.0,3,standing
1520160047413,-0.10387153,0.0026633726,0.0,3,standing
1520160047418,-0.10919827,0.0,-0.005326745,3,standing
1520160047423,-0.10919827,-0.01065349,-0.013316862,3,standing
1520160047428,-0.10919827,-0.026633725,-0.029297099,3,standing
1520160047433,-0.10387153,-0.04261396,-0.05060408,3,standing
1520160047438,-0.093218036,-0.061257567,-0.07457443,3,standing
1520160047443,-0.07723781,-0.07990117,-0.09588141,3,standing
1520160047448,-0.05326745,-0.09588141,-0.10919827,3,standing
1520160047453,-0.026633725,-0.1065349,-0.11452502,3,standing
1520160047458,-0.0026633726,-0.111861646,-0.1065349,3,standing
1520160047463,0.013316862,-0.111861646,-0.09055467,3,standing
1520160047468,0.026633725,-0.1065349,-0.06658431,3,standing
1520160047473,0.029297099,-0.09588141,-0.04261396,3,standing
1520160047511,-0.093218036,0.061257567,-0.015980236,3,standing
1520160047516,-0.08522792,0.07457443,-0.02130698,3,standing
1520160047520,-0.08522792,0.07457443,-0.02130698,3,standing
1520160047524,-0.07191106,0.07191106,-0.018643608,3,standing
1520160047528,-0.058594197,0.061257567,-0.01065349,3,standing
1520160047533,-0.045277335,0.045277335,-0.0026633726,3,standing
1520160047538,-0.031960472,0.029297099,0.0026633726,3,standing
1520160047543,-0.018643608,0.007990118,0.007990118,3,standing
1520160047548,-0.01065349,-0.01065349,0.01065349,3,standing
1520160047553,-0.005326745,-0.029297099,0.007990118,3,standing
1520160047558,-0.0026633726,-0.047940705,0.0,3,standing
1520160047563,0.0,-0.058594197,-0.005326745,3,standing
1520160047568,0.005326745,-0.063920945,-0.01065349,3,standing
1520160047573,0.01065349,-0.063920945,-0.01065349,3,standing
1520160047578,0.023970352,-0.05326745,0.0,3,standing
1520160047583,0.039950587,-0.04261396,0.01065349,3,standing
1520160047588,0.058594197,-0.031960472,0.023970352,3,standing
1520160047593,0.07990117,-0.018643608,0.034623843,3,standing
1520160047598,0.09588141,-0.005326745,0.039950587,3,standing
1520160047603,0.10387153,0.0,0.039950587,3,standing
1520160047652,-0.1651291,-0.063920945,-0.037287217,3,standing
1520160047657,-0.15447561,-0.06658431,-0.045277335,3,standing
1520160047663,-0.12784189,-0.06658431,-0.05060408,3,standing
1520160047668,-0.087891296,-0.058594197,-0.047940705,3,standing
1520160047673,-0.04261396,-0.04261396,-0.039950587,3,standing
1520160047678,0.0,-0.023970352,-0.02130698,3,standing
1520160047683,0.037287217,-0.0026633726,-0.0026633726,3,standing
1520160047688,0.061257567,0.013316862,0.013316862,3,standing
1520160047693,0.07457443,0.029297099,0.029297099,3,standing
1520160047697,0.07457443,0.039950587,0.034623843,3,standing
1520160047702,0.063920945,0.045277335,0.034623843,3,standing
1520160047708,0.047940705,0.045277335,0.026633725,3,standing
1520160047713,0.023970352,0.037287217,0.013316862,3,standing
1520160047718,0.005326745,0.029297099,0.0026633726,3,standing
1520160047723,-0.007990118,0.015980236,-0.005326745,3,standing
1520160047728,-0.018643608,0.0026633726,-0.007990118,3,standing
1520160047732,-0.02130698,-0.005326745,-0.007990118,3,standing
1520160047738,-0.018643608,-0.015980236,-0.0026633726,3,standing
1520160047743,-0.013316862,-0.02130698,0.0,3,standing
1520160047788,-0.04261396,-0.031960472,-0.01065349,3,standing
1520160047794,-0.039950587,-0.026633725,-0.005326745,3,standing
1520160047798,-0.031960472,-0.018643608,0.0,3,standing
1520160047803,-0.018643608,-0.01065349,0.0,3,standing
1520160047807,-0.0026633726,0.0,0.0,3,standing
1520160047813,0.007990118,0.007990118,0.0,3,standing
1520160047818,0.02130698,0.013316862,-0.005326745,3,standing
1520160047823,0.029297099,0.018643608,-0.007990118,3,standing
1520160047828,0.031960472,0.018643608,-0.01065349,3,standing
1520160047833,0.029297099,0.015980236,-0.007990118,3,standing
1520160047837,0.02130698,0.013316862,-0.0026633726,3,standing
1520160047842,0.013316862,0.013316862,0.0,3,standing
1520160047848,0.005326745,0.01065349,0.0026633726,3,standing
1520160047853,0.0,0.01065349,0.007990118,3,standing
1520160047858,0.0,0.01065349,0.007990118,3,standing
1520160047863,0.0,0.01065349,0.007990118,3,standing
1520160047867,0.0026633726,0.01065349,0.005326745,3,standing
1520160047872,0.007990118,0.01065349,0.0,3,standing
1520160047878,0.015980236,0.007990118,0.0,3,standing
1520160047883,0.018643608,0.01065349,0.0,3,standing
1520160047920,-0.039950587,-0.02130698,-0.01065349,3,standing
1520160047926,-0.04261396,-0.018643608,-0.013316862,3,standing
1520160047931,-0.034623843,-0.013316862,-0.01065349,3,standing
1520160047935,-0.034623843,-0.013316862,-0.01065349,3,standing
1520160047939,-0.02130698,-0.005326745,-0.007990118,3,standing
1520160047944,-0.005326745,0.0,-0.005326745,3,standing
1520160047948,0.005326745,0.007990118,-0.005326745,3,standing
1520160047953,0.02130698,0.013316862,-0.005326745,3,standing
1520160047958,0.031960472,0.015980236,-0.007990118,3,standing
1520160047963,0.037287217,0.015980236,-0.007990118,3,standing
1520160047967,0.04261396,0.013316862,-0.01065349,3,standing
1520160047973,0.037287217,0.007990118,-0.007990118,3,standing
1520160047978,0.023970352,0.0026633726,-0.0026633726,3,standing
1520160047982,0.005326745,0.0,0.0,3,standing
1520160047988,-0.01065349,0.0,0.0,3,standing
1520160047993,-0.029297099,0.0,0.0,3,standing
1520160047998,-0.04261396,0.0,0.0,3,standing
1520160048002,-0.05060408,0.005326745,-0.0026633726,3,standing
1520160048008,-0.05060408,0.007990118,-0.007990118,3,standing
1520160048012,-0.039950587,0.013316862,-0.013316862,3,standing
1520160048054,-0.01065349,-0.013316862,-0.013316862,3,standing
1520160048060,-0.026633725,-0.013316862,-0.007990118,3,standing
1520160048065,-0.037287217,-0.013316862,-0.005326745,3,standing
1520160048069,-0.039950587,-0.01065349,-0.007990118,3,standing
1520160048074,-0.034623843,-0.0026633726,-0.013316862,3,standing
1520160048078,-0.026633725,0.007990118,-0.02130698,3,standing
1520160048083,-0.015980236,0.02130698,-0.026633725,3,standing
1520160048087,-0.0026633726,0.034623843,-0.029297099,3,standing
1520160048092,0.005326745,0.045277335,-0.029297099,3,standing
1520160048098,0.01065349,0.05060408,-0.026633725,3,standing
1520160048102,0.015980236,0.055930823,-0.02130698,3,standing
1520160048107,0.013316862,0.055930823,-0.02130698,3,standing
1520160048112,0.005326745,0.05060408,-0.018643608,3,standing
1520160048118,-0.0026633726,0.039950587,-0.018643608,3,standing
1520160048122,-0.013316862,0.029297099,-0.02130698,3,standing
1520160048127,-0.018643608,0.013316862,-0.02130698,3,standing
1520160048133,-0.02130698,0.0,-0.02130698,3,standing
1520160048137,-0.015980236,-0.015980236,-0.018643608,3,standing
1520160048142,-0.005326745,-0.026633725,-0.015980236,3,standing
1520160048147,0.005326745,-0.034623843,-0.01065349,3,standing
1520160048186,-0.023970352,0.01065349,-0.037287217,3,standing
1520160048191,-0.034623843,0.015980236,-0.037287217,3,standing
1520160048196,-0.039950587,0.02130698,-0.037287217,3,standing
1520160048199,-0.039950587,0.02130698,-0.037287217,3,standing
1520160048204,-0.039950587,0.023970352,-0.031960472,3,standing
1520160048207,-0.034623843,0.023970352,-0.029297099,3,standing
1520160048212,-0.026633725,0.023970352,-0.026633725,3,standing
1520160048217,-0.018643608,0.026633725,-0.026633725,3,standing
1520160048223,-0.015980236,0.026633725,-0.023970352,3,standing
1520160048228,-0.015980236,0.026633725,-0.026633725,3,standing
1520160048232,-0.015980236,0.023970352,-0.026633725,3,standing
1520160048238,-0.015980236,0.018643608,-0.026633725,3,standing
1520160048242,-0.007990118,0.015980236,-0.029297099,3,standing
1520160048247,0.005326745,0.01065349,-0.031960472,3,standing
1520160048252,0.026633725,0.007990118,-0.034623843,3,standing
1520160048258,0.055930823,0.005326745,-0.039950587,3,standing
1520160048262,0.08256455,0.005326745,-0.04261396,3,standing
1520160048267,0.10120816,0.005326745,-0.047940705,3,standing
1520160048272,0.10919827,0.0026633726,-0.05060408,3,standing
1520160048277,0.098544784,-0.0026633726,-0.05060408,3,standing
1520160048319,-0.135832,-0.055930823,-0.063920945,3,standing
1520160048325,-0.07990117,-0.05326745,-0.069247685,3,standing
1520160048330,-0.07990117,-0.05326745,-0.069247685,3,standing
1520160048334,-0.04261396,-0.047940705,-0.063920945,3,standing
1520160048339,-0.005326745,-0.039950587,-0.05326745,3,standing
1520160048343,0.02130698,-0.029297099,-0.039950587,3,standing
1520160048348,0.04261396,-0.018643608,-0.026633725,3,standing
1520160048352,0.05326745,-0.005326745,-0.013316862,3,standing
1520160048357,0.05326745,0.0026633726,-0.0026633726,3,standing
1520160048363,0.045277335,0.01065349,0.0026633726,3,standing
1520160048367,0.031960472,0.018643608,0.0026633726,3,standing
1520160048372,0.015980236,0.023970352,0.0026633726,3,standing
1520160048377,0.005326745,0.023970352,0.0,3,standing
1520160048382,-0.0026633726,0.02130698,-0.0026633726,3,standing
1520160048387,-0.007990118,0.015980236,-0.01065349,3,standing
1520160048392,-0.007990118,0.007990118,-0.018643608,3,standing
1520160048398,-0.005326745,0.0,-0.023970352,3,standing
1520160048402,-0.0026633726,-0.01065349,-0.02130698,3,standing
1520160048407,0.0,-0.02130698,-0.015980236,3,standing
1520160048412,0.0,-0.029297099,0.0,3,standing
1520160048451,0.026633725,-0.013316862,0.018643608,3,standing
1520160048456,0.04261396,-0.005326745,0.02130698,3,standing
1520160048460,0.04261396,-0.005326745,0.02130698,3,standing
1520160048464,0.055930823,0.0,0.023970352,3,standing
1520160048467,0.06658431,0.0026633726,0.023970352,3,standing
1520160048472,0.069247685,0.0026633726,0.023970352,3,standing
1520160048477,0.061257567,0.0,0.02130698,3,standing
1520160048482,0.047940705,-0.005326745,0.018643608,3,standing
1520160048488,0.031960472,-0.013316862,0.015980236,3,standing
1520160048492,0.01065349,-0.023970352,0.013316862,3,standing
1520160048497,-0.0026633726,-0.039950587,0.01065349,3,standing
1520160048502,-0.015980236,-0.058594197,0.007990118,3,standing
1520160048507,-0.02130698,-0.07457443,0.0026633726,3,standing
1520160048512,-0.015980236,-0.093218036,0.0,3,standing
1520160048517,-0.0026633726,-0.1065349,0.0,3,standing
1520160048523,0.018643608,-0.117188394,0.0,3,standing
1520160048527,0.04261396,-0.12784189,0.0,3,standing
1520160048532,0.069247685,-0.13849537,-0.005326745,3,standing
1520160048537,0.09055467,-0.1464855,-0.01065349,3,standing
1520160048542,0.111861646,-0.15713897,-0.015980236,3,standing
1520160048579,0.055930823,-0.09055467,-0.015980236,3,standing
1520160048583,0.031960472,-0.07723781,-0.023970352,3,standing
1520160048587,0.013316862,-0.06658431,-0.034623843,3,standing
1520160048592,0.0,-0.058594197,-0.047940705,3,standing
1520160048597,0.0026633726,-0.055930823,-0.055930823,3,standing
1520160048602,0.015980236,-0.058594197,-0.061257567,3,standing
1520160048607,0.04261396,-0.06658431,-0.063920945,3,standing
1520160048613,0.07457443,-0.07723781,-0.063920945,3,standing
1520160048617,0.1065349,-0.09055467,-0.06658431,3,standing
1520160048622,0.13316862,-0.10387153,-0.07191106,3,standing
1520160048627,0.15447561,-0.11985177,-0.07723781,3,standing
1520160048632,0.17045584,-0.13050525,-0.08256455,3,standing
1520160048637,0.17578259,-0.135832,-0.08522792,3,standing
1520160048642,0.17311922,-0.13316862,-0.08256455,3,standing
1520160048648,0.15980235,-0.12784189,-0.07457443,3,standing
1520160048652,0.14382212,-0.11452502,-0.06658431,3,standing
1520160048657,0.11985177,-0.10387153,-0.063920945,3,standing
1520160048662,0.09588141,-0.09055467,-0.069247685,3,standing
1520160048667,0.07457443,-0.07457443,-0.08256455,3,standing
1520160048672,0.055930823,-0.063920945,-0.098544784,3,standing
1520160048709,0.005326745,-0.037287217,-0.11452502,3,standing
1520160048714,0.01065349,-0.037287217,-0.10387153,3,standing
1520160048718,0.02130698,-0.034623843,-0.093218036,3,standing
1520160048722,0.037287217,-0.031960472,-0.08522792,3,standing
1520160048727,0.055930823,-0.029297099,-0.08256455,3,standing
1520160048732,0.07723781,-0.029297099,-0.087891296,3,standing
1520160048737,0.093218036,-0.031960472,-0.09588141,3,standing
1520160048742,0.10387153,-0.037287217,-0.10387153,3,standing
1520160048747,0.10387153,-0.045277335,-0.1065349,3,standing
1520160048752,0.09588141,-0.055930823,-0.10387153,3,standing
1520160048757,0.07457443,-0.069247685,-0.10120816,3,standing
1520160048762,0.045277335,-0.087891296,-0.098544784,3,standing
1520160048767,0.01065349,-0.10387153,-0.098544784,3,standing
1520160048773,-0.02130698,-0.11452502,-0.098544784,3,standing
1520160048777,-0.05060408,-0.11985177,-0.09588141,3,standing
1520160048782,-0.07457443,-0.11985177,-0.09588141,3,standing
1520160048787,-0.08522792,-0.10919827,-0.093218036,3,standing
1520160048792,-0.08522792,-0.09588141,-0.093218036,3,standing
1520160048797,-0.07191106,-0.07723781,-0.093218036,3,standing
1520160048802,-0.05060408,-0.058594197,-0.093218036,3,standing
1520160048838,0.031960472,0.04261396,-0.05326745,3,standing
1520160048843,0.01065349,0.047940705,-0.047940705,3,standing
1520160048847,-0.015980236,0.05060408,-0.047940705,3,standing
1520160048852,-0.05060408,0.05060408,-0.05060408,3,standing
1520160048856,-0.087891296,0.05326745,-0.058594197,3,standing
1520160048862,-0.122515135,0.055930823,-0.06658431,3,standing
1520160048867,-0.15181224,0.061257567,-0.07723781,3,standing
1520160048872,-0.16779247,0.069247685,-0.087891296,3,standing
1520160048877,-0.16779247,0.08522792,-0.098544784,3,standing
1520160048882,-0.15447561,0.10387153,-0.10387153,3,standing
1520160048886,-0.12517852,0.13050525,-0.1065349,3,standing
1520160048891,-0.08256455,0.15980235,-0.10387153,3,standing
1520160048897,-0.034623843,0.1944262,-0.09588141,3,standing
1520160048902,0.007990118,0.22372329,-0.08256455,3,standing
1520160048906,0.047940705,0.24503027,-0.06658431,3,standing
1520160048911,0.07990117,0.25834712,-0.055930823,3,standing
1520160048917,0.093218036,0.25834712,-0.047940705,3,standing
1520160048921,0.087891296,0.24769364,-0.045277335,3,standing
1520160048927,0.063920945,0.22905004,-0.047940705,3,standing
1520160048932,0.026633725,0.20507969,-0.05326745,3,standing
1520160048971,-0.06658431,0.13849537,-0.08522792,3,standing
1520160048977,-0.015980236,0.16246572,-0.07191106,3,standing
1520160048981,0.034623843,0.18909945,-0.061257567,3,standing
1520160048987,0.08256455,0.21040644,-0.05060408,3,standing
1520160048991,0.122515135,0.22905004,-0.045277335,3,standing
1520160048996,0.15447561,0.23970354,-0.039950587,3,standing
1520160049001,0.17311922,0.23970354,-0.037287217,3,standing
1520160049006,0.17311922,0.23437679,-0.037287217,3,standing
1520160049011,0.15980235,0.22105992,-0.04261396,3,standing
1520160049016,0.13316862,0.19975294,-0.05060408,3,standing
1520160049022,0.098544784,0.17311922,-0.061257567,3,standing
1520160049026,0.058594197,0.14382212,-0.07457443,3,standing
1520160049031,0.015980236,0.117188394,-0.08256455,3,standing
1520160049036,-0.018643608,0.09055467,-0.093218036,3,standing
1520160049042,-0.047940705,0.069247685,-0.09588141,3,standing
1520160049046,-0.06658431,0.05326745,-0.098544784,3,standing
1520160049051,-0.07457443,0.047940705,-0.09588141,3,standing
1520160049057,-0.069247685,0.05060408,-0.093218036,3,standing
1520160049061,-0.05060408,0.058594197,-0.09055467,3,standing
1520160049098,0.19975294,0.17311922,-0.05326745,3,standing
1520160049103,0.19176282,0.17578259,-0.037287217,3,standing
1520160049106,0.17045584,0.17311922,-0.026633725,3,standing
1520160049112,0.13849537,0.16246572,-0.02130698,3,standing
1520160049116,0.10120816,0.14382212,-0.02130698,3,standing
1520160049121,0.06658431,0.11985177,-0.029297099,3,standing
1520160049127,0.037287217,0.093218036,-0.037287217,3,standing
1520160049132,0.02130698,0.061257567,-0.05060408,3,standing
1520160049137,0.015980236,0.029297099,-0.06658431,3,standing
1520160049141,0.02130698,0.0026633726,-0.08256455,3,standing
1520160049147,0.031960472,-0.015980236,-0.093218036,3,standing
1520160049151,0.047940705,-0.031960472,-0.10120816,3,standing
1520160049157,0.06658431,-0.039950587,-0.098544784,3,standing
1520160049162,0.08522792,-0.04261396,-0.093218036,3,standing
1520160049166,0.09588141,-0.037287217,-0.08256455,3,standing
1520160049171,0.10387153,-0.026633725,-0.069247685,3,standing
1520160049176,0.10387153,-0.015980236,-0.055930823,3,standing
1520160049182,0.098544784,-0.005326745,-0.045277335,3,standing
1520160049187,0.08522792,0.0,-0.039950587,3,standing
1520160049192,0.06658431,0.0026633726,-0.034623843,3,standing
1520160049241,0.13050525,-0.037287217,-0.023970352,3,standing
1520160049247,0.13050525,-0.029297099,-0.02130698,3,standing
1520160049252,0.11985177,-0.018643608,-0.015980236,3,standing
1520160049257,0.10120816,-0.005326745,-0.013316862,3,standing
1520160049262,0.07457443,0.0,-0.013316862,3,standing
1520160049267,0.04261396,0.007990118,-0.013316862,3,standing
1520160049272,0.013316862,0.013316862,-0.015980236,3,standing
1520160049277,-0.01065349,0.02130698,-0.018643608,3,standing
1520160049282,-0.029297099,0.026633725,-0.023970352,3,standing
1520160049287,-0.039950587,0.034623843,-0.023970352,3,standing
1520160049291,-0.037287217,0.039950587,-0.02130698,3,standing
1520160049297,-0.023970352,0.045277335,-0.018643608,3,standing
1520160049301,-0.0026633726,0.05326745,-0.015980236,3,standing
1520160049307,0.018643608,0.063920945,-0.015980236,3,standing
1520160049311,0.04261396,0.07191106,-0.015980236,3,standing
1520160049316,0.06658431,0.07723781,-0.018643608,3,standing
1520160049321,0.08256455,0.07723781,-0.026633725,3,standing
1520160049326,0.09055467,0.07191106,-0.034623843,3,standing
1520160049331,0.09055467,0.055930823,-0.045277335,3,standing
1520160049381,-0.098544784,0.013316862,0.0026633726,3,standing
1520160049388,-0.098544784,-0.0026633726,0.0026633726,3,standing
1520160049396,-0.047940705,-0.055930823,0.013316862,3,standing
1520160049400,-0.029297099,-0.058594197,0.026633725,3,standing
1520160049404,-0.02130698,-0.037287217,0.058594197,3,standing
1520160049409,-0.02130698,-0.037287217,0.058594197,3,standing
1520160049413,-0.005326745,0.007990118,0.122515135,3,standing
1520160049417,0.026633725,0.06658431,0.20507969,3,standing
1520160049422,0.06658431,0.111861646,0.28764424,3,standing
1520160049426,0.098544784,0.12517852,0.35156518,3,standing
1520160049431,0.117188394,0.1065349,0.38352564,3,standing
1520160049450,0.07990117,0.047940705,0.22905004,3,standing
1520160049454,0.045277335,0.06658431,0.18110934,3,standing
1520160049459,0.045277335,0.06658431,0.18110934,3,standing
1520160049463,0.013316862,0.087891296,0.14382212,3,standing
1520160049467,-0.013316862,0.098544784,0.122515135,3,standing
1520160049472,-0.04261396,0.09588141,0.10919827,3,standing
1520160049512,-0.10387153,0.026633725,0.037287217,3,standing
1520160049517,-0.087891296,0.005326745,0.013316862,3,standing
1520160049522,-0.08256455,-0.02130698,-0.01065349,3,standing
1520160049526,-0.09055467,-0.063920945,-0.039950587,3,standing
1520160049531,-0.11452502,-0.11452502,-0.07457443,3,standing
1520160049537,-0.15181224,-0.15713897,-0.111861646,3,standing
1520160049541,-0.1944262,-0.17311922,-0.14382212,3,standing
1520160049546,-0.22638667,-0.1464855,-0.16246572,3,standing
1520160049551,-0.24769364,-0.07723781,-0.15447561,3,standing
1520160049556,-0.25035703,0.01065349,-0.122515135,3,standing
1520160049561,-0.23171341,0.09588141,-0.07191106,3,standing
1520160049566,-0.1944262,0.1464855,-0.005326745,3,standing
1520160049572,-0.1464855,0.15980235,0.058594197,3,standing
1520160049576,-0.10387153,0.13849537,0.11985177,3,standing
1520160049581,-0.06658431,0.10919827,0.1651291,3,standing
1520160049586,-0.037287217,0.08522792,0.18110934,3,standing
1520160049591,-0.013316862,0.08256455,0.17311922,3,standing
1520160049596,0.0,0.09588141,0.14382212,3,standing
1520160049601,0.015980236,0.11452502,0.10919827,3,standing
1520160049607,0.031960472,0.13316862,0.07723781,3,standing
1520160049645,-0.026633725,0.07457443,0.09055467,3,standing
1520160049650,-0.055930823,0.063920945,0.07990117,3,standing
1520160049654,-0.07457443,0.05060408,0.06658431,3,standing
1520160049658,-0.07457443,0.05060408,0.06658431,3,standing
1520160049662,-0.07990117,0.037287217,0.05326745,3,standing
1520160049666,-0.07457443,0.026633725,0.04261396,3,standing
1520160049671,-0.058594197,0.02130698,0.031960472,3,standing
1520160049676,-0.037287217,0.018643608,0.026633725,3,standing
1520160049681,-0.015980236,0.018643608,0.026633725,3,standing
1520160049686,0.0026633726,0.015980236,0.029297099,3,standing
1520160049691,0.015980236,0.01065349,0.034623843,3,standing
1520160049697,0.02130698,0.0026633726,0.045277335,3,standing
1520160049701,0.02130698,-0.005326745,0.055930823,3,standing
1520160049707,0.013316862,-0.018643608,0.063920945,3,standing
1520160049711,0.0,-0.029297099,0.069247685,3,standing
1520160049716,-0.01065349,-0.039950587,0.069247685,3,standing
1520160049721,-0.026633725,-0.047940705,0.063920945,3,standing
1520160049726,-0.034623843,-0.05326745,0.05326745,3,standing
1520160049732,-0.039950587,-0.058594197,0.039950587,3,standing
1520160049736,-0.034623843,-0.061257567,0.029297099,3,standing
1520160049773,0.04261396,-0.07723781,0.06658431,3,standing
1520160049778,0.04261396,-0.08522792,0.07191106,3,standing
1520160049782,0.039950587,-0.09055467,0.07457443,3,standing
1520160049786,0.034623843,-0.098544784,0.07191106,3,standing
1520160049791,0.023970352,-0.10120816,0.06658431,3,standing
1520160049796,0.01065349,-0.10387153,0.061257567,3,standing
1520160049801,0.0,-0.10120816,0.055930823,3,standing
1520160049806,-0.015980236,-0.10120816,0.047940705,3,standing
1520160049811,-0.029297099,-0.09588141,0.045277335,3,standing
1520160049816,-0.04261396,-0.087891296,0.04261396,3,standing
1520160049821,-0.05326745,-0.07723781,0.039950587,3,standing
1520160049826,-0.058594197,-0.063920945,0.039950587,3,standing
1520160049831,-0.05326745,-0.047940705,0.037287217,3,standing
1520160049836,-0.04261396,-0.031960472,0.031960472,3,standing
1520160049842,-0.023970352,-0.013316862,0.026633725,3,standing
1520160049846,0.0,0.0026633726,0.02130698,3,standing
1520160049851,0.029297099,0.023970352,0.01065349,3,standing
1520160049856,0.063920945,0.045277335,0.0,3,standing
1520160049861,0.10120816,0.06658431,-0.01065349,3,standing
1520160049866,0.13316862,0.087891296,-0.018643608,3,standing
1520160049901,-0.034623843,0.039950587,0.039950587,3,standing
1520160049906,-0.07191106,0.034623843,0.026633725,3,standing
1520160049911,-0.098544784,0.034623843,0.005326745,3,standing
1520160049916,-0.10120816,0.04261396,-0.01065349,3,standing
1520160049921,-0.08256455,0.055930823,-0.026633725,3,standing
1520160049926,-0.047940705,0.07191106,-0.037287217,3,standing
1520160049931,-0.0026633726,0.087891296,-0.037287217,3,standing
1520160049936,0.037287217,0.098544784,-0.031960472,3,standing
1520160049941,0.069247685,0.1065349,-0.02130698,3,standing
1520160049946,0.08522792,0.10919827,-0.007990118,3,standing
1520160049951,0.07990117,0.10919827,0.005326745,3,standing
1520160049956,0.058594197,0.10120816,0.015980236,3,standing
1520160049961,0.015980236,0.087891296,0.023970352,3,standing
1520160049966,-0.029297099,0.069247685,0.026633725,3,standing
1520160049971,-0.07990117,0.05060408,0.023970352,3,standing
1520160049976,-0.12784189,0.031960472,0.02130698,3,standing
1520160049981,-0.16779247,0.015980236,0.015980236,3,standing
1520160049986,-0.1944262,0.0026633726,0.007990118,3,standing
1520160049991,-0.20774306,-0.0026633726,0.0,3,standing
1520160049996,-0.20507969,-0.005326745,-0.0026633726,3,standing
1520160050046,0.015980236,0.02130698,-0.007990118,3,standing
1520160050053,-0.018643608,0.015980236,0.01065349,3,standing
1520160050058,-0.034623843,0.013316862,0.018643608,3,standing
1520160050063,-0.045277335,0.015980236,0.023970352,3,standing
1520160050068,-0.045277335,0.015980236,0.023970352,3,standing
1520160050073,-0.034623843,0.029297099,0.007990118,3,standing
1520160050078,-0.023970352,0.039950587,-0.0026633726,3,standing
1520160050083,-0.013316862,0.045277335,-0.018643608,3,standing
1520160050088,-0.013316862,0.045277335,-0.018643608,3,standing
1520160050092,0.0,0.05060408,-0.026633725,3,standing
1520160050097,0.01065349,0.05326745,-0.029297099,3,standing
1520160050101,0.018643608,0.05060408,-0.026633725,3,standing
1520160050106,0.02130698,0.045277335,-0.018643608,3,standing
1520160050111,0.02130698,0.037287217,-0.013316862,3,standing
1520160050116,0.015980236,0.031960472,-0.005326745,3,standing
1520160050121,0.005326745,0.026633725,0.0,3,standing
1520160050126,-0.0026633726,0.026633725,0.0,3,standing
1520160050130,-0.013316862,0.029297099,0.0026633726,3,standing
1520160050136,-0.02130698,0.034623843,0.005326745,3,standing
1520160050141,-0.026633725,0.047940705,0.01065349,3,standing
1520160050192,-0.0026633726,0.27699074,0.07990117,3,standing
1520160050199,0.005326745,0.30362448,0.093218036,3,standing
1520160050204,0.0,0.30895123,0.093218036,3,standing
1520160050209,0.0,0.30628785,0.08522792,3,standing
1520160050214,-0.0026633726,0.29563436,0.07191106,3,standing
1520160050218,-0.0026633726,0.29563436,0.07191106,3,standing
1520160050222,-0.0026633726,0.2823175,0.063920945,3,standing
1520160050226,-0.0026633726,0.26900062,0.058594197,3,standing
1520160050231,-0.0026633726,0.26367387,0.058594197,3,standing
1520160050236,-0.007990118,0.26367387,0.05326745,3,standing
1520160050240,-0.018643608,0.26367387,0.05060408,3,standing
1520160050245,-0.034623843,0.26633725,0.047940705,3,standing
1520160050251,-0.05326745,0.26633725,0.05060408,3,standing
1520160050255,-0.07191106,0.26367387,0.05326745,3,standing
1520160050261,-0.093218036,0.2530204,0.04261396,3,standing
1520160050266,-0.117188394,0.24769364,0.01065349,3,standing
1520160050270,-0.14382212,0.2423669,-0.029297099,3,standing
1520160050276,-0.15713897,0.23704016,-0.06658431,3,standing
1520160050281,-0.14914887,0.22638667,-0.07723781,3,standing
1520160050286,-0.12517852,0.20774306,-0.058594197,3,standing
1520160050342,-0.11452502,0.32226807,0.093218036,3,standing
1520160050348,-0.12517852,0.3781989,0.06658431,3,standing
1520160050353,-0.13050525,0.39950588,0.058594197,3,standing
1520160050358,-0.13050525,0.41282275,0.063920945,3,standing
1520160050364,-0.12517852,0.41282275,0.07723781,3,standing
1520160050368,-0.12517852,0.41282275,0.07723781,3,standing
1520160050373,-0.1065349,0.38086227,0.11452502,3,standing
1520160050378,-0.098544784,0.35156518,0.12784189,3,standing
1520160050383,-0.098544784,0.35156518,0.12784189,3,standing
1520160050387,-0.093218036,0.32226807,0.13316862,3,standing
1520160050392,-0.087891296,0.292971,0.13316862,3,standing
1520160050396,-0.08256455,0.271664,0.12784189,3,standing
1520160050401,-0.07191106,0.25568378,0.12517852,3,standing
1520160050406,-0.061257567,0.25035703,0.12517852,3,standing
1520160050411,-0.047940705,0.24769364,0.122515135,3,standing
1520160050415,-0.031960472,0.24503027,0.122515135,3,standing
1520160050420,-0.015980236,0.23970354,0.11985177,3,standing
1520160050426,0.0026633726,0.23171341,0.117188394,3,standing
1520160050430,0.018643608,0.21839654,0.111861646,3,standing
1520160050436,0.034623843,0.20241632,0.1065349,3,standing
1520160050472,-0.015980236,0.16779247,0.07191106,3,standing
1520160050477,-0.037287217,0.17045584,0.07990117,3,standing
1520160050481,-0.05326745,0.17578259,0.09055467,3,standing
1520160050485,-0.055930823,0.18110934,0.1065349,3,standing
1520160050490,-0.047940705,0.18377271,0.117188394,3,standing
1520160050496,-0.034623843,0.18643607,0.122515135,3,standing
1520160050501,-0.018643608,0.18643607,0.117188394,3,standing
1520160050506,-0.0026633726,0.18110934,0.10120816,3,standing
1520160050510,0.0026633726,0.17311922,0.08522792,3,standing
1520160050516,0.005326745,0.16246572,0.07191106,3,standing
1520160050520,0.0026633726,0.14914887,0.06658431,3,standing
1520160050525,-0.0026633726,0.13849537,0.07191106,3,standing
1520160050531,-0.007990118,0.12784189,0.08256455,3,standing
1520160050536,-0.013316862,0.12517852,0.09588141,3,standing
1520160050540,-0.013316862,0.12517852,0.10387153,3,standing
1520160050545,-0.005326745,0.12784189,0.10919827,3,standing
1520160050550,0.005326745,0.13316862,0.111861646,3,standing
1520160050555,0.026633725,0.13316862,0.111861646,3,standing
1520160050561,0.05326745,0.13316862,0.111861646,3,standing
1520160050565,0.08256455,0.12784189,0.10919827,3,standing
1520160050612,0.026633725,-0.047940705,0.07457443,3,standing
1520160050617,0.029297099,-0.05326745,0.07723781,3,standing
1520160050621,0.04261396,-0.05060408,0.07990117,3,standing
1520160050625,0.055930823,-0.045277335,0.07990117,3,standing
1520160050630,0.069247685,-0.034623843,0.07457443,3,standing
1520160050635,0.08256455,-0.023970352,0.07191106,3,standing
1520160050641,0.09588141,-0.01065349,0.06658431,3,standing
1520160050645,0.10120816,-0.0026633726,0.061257567,3,standing
1520160050650,0.10120816,0.0026633726,0.055930823,3,standing
1520160050656,0.087891296,0.005326745,0.047940705,3,standing
1520160050660,0.069247685,0.0026633726,0.037287217,3,standing
1520160050665,0.045277335,0.0,0.026633725,3,standing
1520160050670,0.018643608,-0.013316862,0.018643608,3,standing
1520160050676,-0.0026633726,-0.029297099,0.015980236,3,standing
1520160050680,-0.018643608,-0.05060408,0.015980236,3,standing
1520160050685,-0.023970352,-0.07723781,0.023970352,3,standing
1520160050691,-0.018643608,-0.10120816,0.037287217,3,standing
1520160050695,-0.0026633726,-0.122515135,0.05326745,3,standing
1520160050700,0.015980236,-0.13849537,0.069247685,3,standing
1520160050705,0.045277335,-0.1464855,0.08256455,3,standing
1520160050752,0.05060408,-0.061257567,0.029297099,3,standing
1520160050757,0.034623843,-0.05060408,0.01065349,3,standing
1520160050761,0.018643608,-0.04261396,-0.0026633726,3,standing
1520160050765,0.005326745,-0.037287217,-0.015980236,3,standing
1520160050770,0.0,-0.034623843,-0.023970352,3,standing
1520160050775,0.0,-0.031960472,-0.023970352,3,standing
1520160050781,0.005326745,-0.037287217,-0.018643608,3,standing
1520160050786,0.018643608,-0.04261396,-0.01065349,3,standing
1520160050790,0.031960472,-0.05060408,0.0,3,standing
1520160050795,0.047940705,-0.058594197,0.007990118,3,standing
1520160050800,0.061257567,-0.06658431,0.018643608,3,standing
1520160050805,0.07457443,-0.07191106,0.026633725,3,standing
1520160050810,0.087891296,-0.07457443,0.034623843,3,standing
1520160050816,0.098544784,-0.07723781,0.037287217,3,standing
1520160050820,0.10387153,-0.07457443,0.037287217,3,standing
1520160050825,0.10387153,-0.07191106,0.037287217,3,standing
1520160050830,0.098544784,-0.069247685,0.031960472,3,standing
1520160050835,0.09055467,-0.06658431,0.026633725,3,standing
1520160050840,0.07723781,-0.069247685,0.018643608,3,standing
1520160050845,0.061257567,-0.07191106,0.013316862,3,standing
1520160050897,0.09055467,-0.10919827,-0.02130698,3,standing
1520160050903,0.10919827,-0.10387153,-0.029297099,3,standing
1520160050908,0.13316862,-0.07191106,-0.039950587,3,standing
1520160050913,0.13849537,-0.05060408,-0.045277335,3,standing
1520160050918,0.14115874,-0.029297099,-0.047940705,3,standing
1520160050923,0.14382212,-0.01065349,-0.047940705,3,standing
1520160050927,0.1464855,0.0,-0.045277335,3,standing
1520160050932,0.1464855,0.0,-0.045277335,3,standing
1520160050937,0.14914887,0.0026633726,-0.039950587,3,standing
1520160050941,0.15447561,0.0,-0.037287217,3,standing
1520160050945,0.15980235,-0.0026633726,-0.037287217,3,standing
1520160050950,0.15980235,-0.01065349,-0.037287217,3,standing
1520160050955,0.15713897,-0.02130698,-0.037287217,3,standing
1520160050960,0.15447561,-0.031960472,-0.037287217,3,standing
1520160050965,0.14914887,-0.045277335,-0.037287217,3,standing
1520160050970,0.1464855,-0.061257567,-0.034623843,3,standing
1520160050976,0.14382212,-0.07990117,-0.034623843,3,standing
1520160050980,0.13849537,-0.098544784,-0.037287217,3,standing
1520160050985,0.13316862,-0.117188394,-0.04261396,3,standing
1520160050990,0.13050525,-0.13316862,-0.045277335,3,standing
1520160051039,0.17311922,-0.15980235,0.0,3,standing
1520160051044,0.1944262,-0.18643607,0.031960472,3,standing
1520160051050,0.20774306,-0.19975294,0.05326745,3,standing
1520160051055,0.2130698,-0.18909945,0.055930823,3,standing
1520160051060,0.22372329,-0.16246572,0.037287217,3,standing
1520160051066,0.23437679,-0.12517852,0.01065349,3,standing
1520160051070,0.23970354,-0.10120816,-0.015980236,3,standing
1520160051076,0.23171341,-0.093218036,-0.039950587,3,standing
1520160051080,0.21040644,-0.10120816,-0.063920945,3,standing
1520160051085,0.17844597,-0.12517852,-0.08522792,3,standing
1520160051090,0.14115874,-0.15980235,-0.1065349,3,standing
1520160051095,0.10120816,-0.19708957,-0.122515135,3,standing
1520160051101,0.069247685,-0.23704016,-0.13050525,3,standing
1520160051105,0.04261396,-0.27699074,-0.13050525,3,standing
1520160051110,0.029297099,-0.31427795,-0.11985177,3,standing
1520160051115,0.02130698,-0.34623843,-0.10120816,3,standing
1520160051120,0.013316862,-0.37287214,-0.07191106,3,standing
1520160051125,0.0,-0.386189,-0.04261396,3,standing
1520160051130,-0.023970352,-0.39151576,-0.013316862,3,standing
1520160051167,-0.23970354,-0.3009611,0.0,3,standing
1520160051172,-0.25834712,-0.292971,0.015980236,3,standing
1520160051176,-0.27432737,-0.28498086,0.045277335,3,standing
1520160051180,-0.292971,-0.271664,0.087891296,3,standing
1520160051185,-0.30895123,-0.2530204,0.13849537,3,standing
1520160051190,-0.3302582,-0.22638667,0.21040644,3,standing
1520160051195,-0.36221868,-0.18643607,0.32226807,3,standing
1520160051200,-0.41015938,-0.135832,0.4847338,3,standing
1520160051205,-0.47408032,-0.087891296,0.6898135,3,standing
1520160051210,-0.5406646,-0.045277335,0.9135368,3,standing
1520160051215,-0.5912687,-0.015980236,1.1345967,3,standing
1520160051220,-0.60991234,0.0026633726,1.337013,3,standing
1520160051225,-0.6019222,0.018643608,1.5074688,3,standing
1520160051230,-0.57795185,0.037287217,1.6246573,3,standing
1520160051235,-0.543328,0.058594197,1.6752614,3,standing
1520160051240,-0.5060408,0.07723781,1.651291,3,standing
1520160051245,-0.46342683,0.09055467,1.5500828,3,standing
1520160051250,-0.42347625,0.087891296,1.379627,3,standing
1520160051255,-0.39417914,0.07191106,1.1638938,3,standing
1520160051260,-0.36754543,0.039950587,0.9241903,3,standing
1520160051300,-0.2823175,-0.058594197,0.3595553,3,standing
1520160051304,-0.26633725,-0.045277335,0.3888524,3,standing
1520160051310,-0.23970354,-0.037287217,0.39950588,3,standing
1520160051315,-0.20774306,-0.034623843,0.39151576,3,standing
1520160051319,-0.17045584,-0.034623843,0.37287214,3,standing
1520160051324,-0.13849537,-0.039950587,0.3489018,3,standing
1520160051331,-0.11452502,-0.047940705,0.32493144,3,standing
1520160051335,-0.10120816,-0.055930823,0.30362448,3,standing
1520160051339,-0.098544784,-0.058594197,0.29563436,3,standing
1520160051345,-0.10387153,-0.055930823,0.3009611,3,standing
1520160051350,-0.12517852,-0.045277335,0.3196047,3,standing
1520160051354,-0.15713897,-0.023970352,0.35156518,3,standing
1520160051360,-0.19708957,0.0026633726,0.39417914,3,standing
1520160051365,-0.24503027,0.037287217,0.4447832,3,standing
1520160051370,-0.2903076,0.07457443,0.4953873,3,standing
1520160051375,-0.32759482,0.10919827,0.543328,3,standing
1520160051379,-0.35156518,0.14382212,0.5832786,3,standing
1520160051385,-0.35422856,0.17844597,0.60991234,3,standing
1520160051390,-0.3409117,0.2130698,0.61790246,3,standing
1520160051426,-0.1065349,0.2423669,0.16779247,3,standing
1520160051432,-0.07723781,0.21040644,0.05060408,3,standing
1520160051436,-0.037287217,0.17311922,-0.063920945,3,standing
1520160051440,0.015980236,0.13849537,-0.16779247,3,standing
1520160051445,0.08256455,0.1065349,-0.2530204,3,standing
1520160051449,0.15181224,0.07723781,-0.3196047,3,standing
1520160051455,0.21839654,0.05060408,-0.36488205,3,standing
1520160051460,0.26633725,0.026633725,-0.39151576,3,standing
1520160051465,0.28764424,0.0,-0.39950588,3,standing
1520160051469,0.27965412,-0.029297099,-0.386189,3,standing
1520160051475,0.23970354,-0.06658431,-0.34623843,3,standing
1520160051479,0.17844597,-0.098544784,-0.28498086,3,standing
1520160051484,0.098544784,-0.122515135,-0.19708957,3,standing
1520160051489,0.007990118,-0.12784189,-0.09588141,3,standing
1520160051495,-0.07457443,-0.11452502,0.01065349,3,standing
1520160051499,-0.1464855,-0.087891296,0.12517852,3,standing
1520160051505,-0.19176282,-0.055930823,0.23171341,3,standing
1520160051510,-0.21040644,-0.023970352,0.3302582,3,standing
1520160051514,-0.19708957,0.0,0.40216926,3,standing
1520160051520,-0.1651291,0.013316862,0.4447832,3,standing
1520160051556,0.22105992,-0.21839654,0.07191106,3,standing
1520160051561,0.26367387,-0.271664,0.034623843,3,standing
1520160051565,0.29563436,-0.3116146,0.013316862,3,standing
1520160051570,0.3116146,-0.32759482,0.0,3,standing
1520160051575,0.30895123,-0.32493144,-0.005326745,3,standing
1520160051580,0.292971,-0.30362448,-0.01065349,3,standing
1520160051584,0.26633725,-0.26367387,-0.01065349,3,standing
1520160051590,0.22905004,-0.21573317,-0.005326745,3,standing
1520160051595,0.18909945,-0.16246572,0.0,3,standing
1520160051600,0.15447561,-0.10919827,0.007990118,3,standing
1520160051605,0.122515135,-0.055930823,0.02130698,3,standing
1520160051609,0.09588141,-0.005326745,0.031960472,3,standing
1520160051615,0.07723781,0.034623843,0.04261396,3,standing
1520160051620,0.063920945,0.07723781,0.045277335,3,standing
1520160051625,0.061257567,0.11985177,0.045277335,3,standing
1520160051629,0.061257567,0.17045584,0.029297099,3,standing
1520160051635,0.063920945,0.23437679,0.0,3,standing
1520160051639,0.069247685,0.31427795,-0.05060408,3,standing
1520160051644,0.07191106,0.4181495,-0.122515135,3,standing
1520160051649,0.08256455,0.55930823,-0.21839654,3,standing
1520160051692,0.8735862,0.52468437,-2.223916,3,standing
1520160051698,0.87624955,-0.015980236,-2.5408573,3,standing
1520160051705,0.8602693,-0.4367931,-2.8791058,3,standing
1520160051709,0.8442891,-0.67916,-3.16675,3,standing
1520160051714,0.81232864,-0.72443736,-3.3185623,3,standing
1520160051719,0.7537344,-0.6019222,-3.2759483,3,standing
1520160051725,0.6605164,-0.36221868,-3.009611,3,standing
1520160051729,0.5539815,-0.087891296,-2.5435207,3,standing
1520160051734,0.4367931,0.1464855,-1.9176283,3,standing
1520160051740,0.30895123,0.30362448,-1.1931909,3,standing
1520160051744,0.16246572,0.35689193,-0.46076345,3,standing
1520160051749,0.013316862,0.30362448,0.17844597,3,standing
1520160051754,-0.10120816,0.15713897,0.6285559,3,standing
1520160051760,-0.15980235,-0.029297099,0.8522792,3,standing
1520160051764,-0.15713897,-0.1944262,0.86559606,3,standing
1520160051769,-0.1065349,-0.2823175,0.7191106,3,standing
1520160051775,-0.031960472,-0.26900062,0.48739716,3,standing
1520160051780,0.05060408,-0.18110934,0.23704016,3,standing
1520160051784,0.13050525,-0.061257567,0.013316862,3,standing
1520160051821,0.1464855,-0.047940705,-0.015980236,3,standing
1520160051826,0.08522792,-0.07191106,0.045277335,3,standing
1520160051830,0.039950587,-0.08256455,0.093218036,3,standing
1520160051834,0.01065349,-0.087891296,0.11985177,3,standing
1520160051839,0.0026633726,-0.098544784,0.12517852,3,standing
1520160051844,0.01065349,-0.1065349,0.11452502,3,standing
1520160051850,0.034623843,-0.11452502,0.09055467,3,standing
1520160051854,0.061257567,-0.11452502,0.061257567,3,standing
1520160051860,0.08256455,-0.10919827,0.034623843,3,standing
1520160051865,0.093218036,-0.093218036,0.013316862,3,standing
1520160051869,0.093218036,-0.07191106,0.0,3,standing
1520160051874,0.08522792,-0.05326745,0.0,3,standing
1520160051879,0.07191106,-0.037287217,0.007990118,3,standing
1520160051884,0.05060408,-0.026633725,0.023970352,3,standing
1520160051889,0.026633725,-0.023970352,0.045277335,3,standing
1520160051894,0.0026633726,-0.026633725,0.063920945,3,standing
1520160051900,-0.01065349,-0.034623843,0.07990117,3,standing
1520160051904,-0.023970352,-0.039950587,0.087891296,3,standing
1520160051909,-0.029297099,-0.045277335,0.09055467,3,standing
1520160051914,-0.026633725,-0.047940705,0.08522792,3,standing
1520160051950,0.047940705,-0.055930823,0.01065349,3,standing
1520160051955,0.047940705,-0.061257567,0.018643608,3,standing
1520160051959,0.04261396,-0.06658431,0.029297099,3,standing
1520160051964,0.031960472,-0.07457443,0.04261396,3,standing
1520160051969,0.015980236,-0.07723781,0.05060408,3,standing
1520160051974,-0.005326745,-0.07723781,0.05326745,3,standing
1520160051979,-0.026633725,-0.07457443,0.05060408,3,standing
1520160051984,-0.047940705,-0.069247685,0.04261396,3,standing
1520160051989,-0.06658431,-0.061257567,0.031960472,3,standing
1520160051994,-0.07990117,-0.05060408,0.02130698,3,standing
1520160051999,-0.087891296,-0.039950587,0.007990118,3,standing
1520160052004,-0.09055467,-0.029297099,0.0,3,standing
1520160052009,-0.08522792,-0.018643608,-0.0026633726,3,standing
1520160052014,-0.07191106,-0.01065349,-0.007990118,3,standing
1520160052019,-0.05326745,-0.0026633726,-0.005326745,3,standing
1520160052024,-0.031960472,0.0,0.0,3,standing
1520160052029,-0.007990118,0.005326745,0.007990118,3,standing
1520160052034,0.015980236,0.01065349,0.02130698,3,standing
1520160052039,0.039950587,0.015980236,0.034623843,3,standing
1520160052044,0.061257567,0.02130698,0.04261396,3,standing
1520160052081,0.029297099,0.087891296,0.05326745,3,standing
1520160052086,0.0026633726,0.09055467,0.047940705,3,standing
1520160052089,-0.02130698,0.09055467,0.04261396,3,standing
1520160052095,-0.039950587,0.07990117,0.034623843,3,standing
1520160052099,-0.045277335,0.058594197,0.02130698,3,standing
1520160052104,-0.04261396,0.029297099,0.01065349,3,standing
1520160052109,-0.031960472,0.0,-0.0026633726,3,standing
1520160052114,-0.018643608,-0.031960472,-0.013316862,3,standing
1520160052119,0.0,-0.061257567,-0.018643608,3,standing
1520160052124,0.018643608,-0.08256455,-0.013316862,3,standing
1520160052129,0.039950587,-0.098544784,-0.0026633726,3,standing
1520160052134,0.058594197,-0.10919827,0.01065349,3,standing
1520160052139,0.07457443,-0.10919827,0.031960472,3,standing
1520160052144,0.08256455,-0.1065349,0.05060408,3,standing
1520160052150,0.087891296,-0.098544784,0.063920945,3,standing
1520160052154,0.08522792,-0.09055467,0.069247685,3,standing
1520160052159,0.069247685,-0.07723781,0.069247685,3,standing
1520160052164,0.045277335,-0.058594197,0.061257567,3,standing
1520160052169,0.01065349,-0.039950587,0.05326745,3,standing
1520160052174,-0.023970352,-0.023970352,0.045277335,3,standing
1520160052228,-0.037287217,-0.087891296,0.063920945,3,standing
1520160052234,0.018643608,-0.063920945,0.01065349,3,standing
1520160052243,0.023970352,-0.037287217,-0.087891296,3,standing
1520160052247,-0.0026633726,-0.029297099,-0.117188394,3,standing
1520160052252,-0.0026633726,-0.029297099,-0.117188394,3,standing
1520160052256,-0.015980236,-0.018643608,-0.122515135,3,standing
1520160052260,-0.015980236,0.0,-0.10919827,3,standing
1520160052264,-0.015980236,0.02130698,-0.07723781,3,standing
1520160052269,-0.023970352,0.047940705,-0.034623843,3,standing
1520160052294,0.034623843,0.087891296,0.037287217,3,standing
1520160052299,0.04261396,0.063920945,0.029297099,3,standing
1520160052304,0.047940705,0.04261396,0.013316862,3,standing
1520160052309,0.05326745,0.037287217,-0.007990118,3,standing
1520160052314,0.055930823,0.047940705,-0.039950587,3,standing
1520160052319,0.058594197,0.069247685,-0.07723781,3,standing
1520160052356,0.007990118,-0.18643607,0.111861646,3,standing
1520160052361,0.013316862,-0.18377271,0.111861646,3,standing
1520160052365,0.031960472,-0.15713897,0.09055467,3,standing
1520160052369,0.06658431,-0.11985177,0.063920945,3,standing
1520160052374,0.1065349,-0.08522792,0.037287217,3,standing
1520160052379,0.14914887,-0.061257567,0.026633725,3,standing
1520160052384,0.18643607,-0.047940705,0.029297099,3,standing
1520160052389,0.2130698,-0.04261396,0.047940705,3,standing
1520160052394,0.22105992,-0.04261396,0.07191106,3,standing
1520160052399,0.21573317,-0.047940705,0.09588141,3,standing
1520160052404,0.19708957,-0.05326745,0.111861646,3,standing
1520160052409,0.1651291,-0.061257567,0.11985177,3,standing
1520160052415,0.12517852,-0.069247685,0.117188394,3,standing
1520160052419,0.08522792,-0.07990117,0.111861646,3,standing
1520160052424,0.05060408,-0.09055467,0.098544784,3,standing
1520160052429,0.02130698,-0.10120816,0.087891296,3,standing
1520160052434,0.0026633726,-0.10919827,0.07723781,3,standing
1520160052438,-0.005326745,-0.117188394,0.069247685,3,standing
1520160052444,-0.005326745,-0.122515135,0.058594197,3,standing
1520160052449,0.0026633726,-0.12517852,0.05326745,3,standing
1520160052486,0.06658431,-0.10120816,0.07457443,3,standing
1520160052491,0.061257567,-0.08256455,0.07723781,3,standing
1520160052494,0.055930823,-0.061257567,0.07191106,3,standing
1520160052499,0.045277335,-0.037287217,0.061257567,3,standing
1520160052504,0.037287217,-0.013316862,0.047940705,3,standing
1520160052509,0.031960472,0.005326745,0.037287217,3,standing
1520160052513,0.029297099,0.02130698,0.026633725,3,standing
1520160052519,0.031960472,0.031960472,0.023970352,3,standing
1520160052524,0.039950587,0.037287217,0.02130698,3,standing
1520160052528,0.047940705,0.034623843,0.018643608,3,standing
1520160052533,0.061257567,0.026633725,0.018643608,3,standing
1520160052539,0.07723781,0.01065349,0.015980236,3,standing
1520160052543,0.08522792,-0.007990118,0.01065349,3,standing
1520160052548,0.087891296,-0.026633725,0.0,3,standing
1520160052553,0.07990117,-0.045277335,-0.007990118,3,standing
1520160052559,0.061257567,-0.058594197,-0.015980236,3,standing
1520160052563,0.039950587,-0.06658431,-0.023970352,3,standing
1520160052568,0.018643608,-0.069247685,-0.023970352,3,standing
1520160052574,0.0,-0.069247685,-0.02130698,3,standing
1520160052609,0.02130698,-0.0026633726,0.0,3,standing
1520160052614,0.029297099,0.005326745,0.01065349,3,standing
1520160052619,0.034623843,0.015980236,0.023970352,3,standing
1520160052623,0.04261396,0.02130698,0.037287217,3,standing
1520160052629,0.05326745,0.023970352,0.047940705,3,standing
1520160052633,0.063920945,0.02130698,0.055930823,3,standing
1520160052638,0.07457443,0.015980236,0.055930823,3,standing
1520160052643,0.07990117,0.007990118,0.047940705,3,standing
1520160052649,0.07990117,0.0,0.031960472,3,standing
1520160052653,0.07457443,-0.007990118,0.007990118,3,standing
1520160052658,0.063920945,-0.023970352,-0.015980236,3,standing
1520160052664,0.05060408,-0.04261396,-0.039950587,3,standing
1520160052668,0.034623843,-0.058594197,-0.05326745,3,standing
1520160052673,0.02130698,-0.07457443,-0.055930823,3,standing
1520160052678,0.007990118,-0.08522792,-0.047940705,3,standing
1520160052684,0.0,-0.09055467,-0.034623843,3,standing
1520160052688,0.0,-0.09055467,-0.018643608,3,standing
1520160052693,-0.0026633726,-0.087891296,-0.0026633726,3,standing
1520160052699,-0.0026633726,-0.07990117,0.005326745,3,standing
1520160052741,0.031960472,-0.005326745,-0.0026633726,3,standing
1520160052746,0.034623843,-0.015980236,0.0,3,standing
1520160052750,0.037287217,-0.029297099,0.005326745,3,standing
1520160052754,0.031960472,-0.04261396,0.005326745,3,standing
1520160052758,0.02130698,-0.058594197,0.0,3,standing
1520160052763,0.005326745,-0.07457443,-0.005326745,3,standing
1520160052768,-0.007990118,-0.09055467,-0.015980236,3,standing
1520160052773,-0.026633725,-0.1065349,-0.026633725,3,standing
1520160052778,-0.04261396,-0.11452502,-0.034623843,3,standing
1520160052783,-0.05326745,-0.11985177,-0.037287217,3,standing
1520160052789,-0.058594197,-0.11452502,-0.037287217,3,standing
1520160052793,-0.055930823,-0.1065349,-0.034623843,3,standing
1520160052798,-0.045277335,-0.09055467,-0.029297099,3,standing
1520160052803,-0.023970352,-0.07191106,-0.026633725,3,standing
1520160052809,0.0,-0.055930823,-0.02130698,3,standing
1520160052813,0.023970352,-0.037287217,-0.015980236,3,standing
1520160052818,0.04261396,-0.02130698,-0.01065349,3,standing
1520160052824,0.055930823,-0.007990118,-0.007990118,3,standing
1520160052828,0.055930823,0.0,-0.0026633726,3,standing
1520160052833,0.047940705,0.005326745,0.0,3,standing
1520160052869,-0.093218036,-0.07457443,-0.007990118,3,standing
1520160052875,-0.10120816,-0.093218036,-0.018643608,3,standing
1520160052878,-0.10387153,-0.111861646,-0.023970352,3,standing
1520160052883,-0.09588141,-0.12517852,-0.029297099,3,standing
1520160052888,-0.08256455,-0.13050525,-0.029297099,3,standing
1520160052894,-0.06658431,-0.13050525,-0.029297099,3,standing
1520160052898,-0.05060408,-0.122515135,-0.029297099,3,standing
1520160052903,-0.034623843,-0.111861646,-0.026633725,3,standing
1520160052908,-0.023970352,-0.10387153,-0.023970352,3,standing
1520160052914,-0.013316862,-0.093218036,-0.026633725,3,standing
1520160052918,-0.01065349,-0.087891296,-0.026633725,3,standing
1520160052923,-0.01065349,-0.08256455,-0.026633725,3,standing
1520160052928,-0.018643608,-0.07990117,-0.026633725,3,standing
1520160052933,-0.023970352,-0.07723781,-0.023970352,3,standing
1520160052938,-0.034623843,-0.07723781,-0.02130698,3,standing
1520160052943,-0.047940705,-0.07990117,-0.018643608,3,standing
1520160052949,-0.063920945,-0.08522792,-0.013316862,3,standing
1520160052953,-0.07723781,-0.093218036,-0.007990118,3,standing
1520160052958,-0.087891296,-0.098544784,-0.005326745,3,standing
1520160052963,-0.093218036,-0.10919827,0.0,3,standing
1520160053001,0.026633725,-0.11452502,-0.01065349,3,standing
1520160053007,0.047940705,-0.10919827,-0.013316862,3,standing
1520160053011,0.06658431,-0.1065349,-0.013316862,3,standing
1520160053014,0.07723781,-0.1065349,-0.013316862,3,standing
1520160053019,0.07990117,-0.10919827,-0.01065349,3,standing
1520160053023,0.069247685,-0.111861646,-0.013316862,3,standing
1520160053028,0.05060408,-0.11452502,-0.015980236,3,standing
1520160053033,0.02130698,-0.111861646,-0.02130698,3,standing
1520160053039,-0.005326745,-0.1065349,-0.029297099,3,standing
1520160053044,-0.037287217,-0.098544784,-0.037287217,3,standing
1520160053048,-0.069247685,-0.09055467,-0.045277335,3,standing
1520160053054,-0.09055467,-0.08256455,-0.05060408,3,standing
1520160053059,-0.10120816,-0.07723781,-0.05060408,3,standing
1520160053063,-0.10120816,-0.07457443,-0.05060408,3,standing
1520160053068,-0.087891296,-0.07191106,-0.045277335,3,standing
1520160053074,-0.061257567,-0.069247685,-0.04261396,3,standing
1520160053078,-0.029297099,-0.07191106,-0.039950587,3,standing
1520160053083,0.0,-0.07457443,-0.045277335,3,standing
1520160053088,0.026633725,-0.07990117,-0.047940705,3,standing
1520160053093,0.05060408,-0.07990117,-0.05060408,3,standing
1520160053128,0.039950587,-0.04261396,0.018643608,3,standing
1520160053133,0.018643608,-0.037287217,0.01065349,3,standing
1520160053138,-0.0026633726,-0.031960472,-0.0026633726,3,standing
1520160053144,-0.031960472,-0.026633725,-0.023970352,3,standing
1520160053148,-0.063920945,-0.023970352,-0.045277335,3,standing
1520160053153,-0.09588141,-0.023970352,-0.063920945,3,standing
1520160053158,-0.12517852,-0.026633725,-0.07723781,3,standing
1520160053163,-0.14914887,-0.037287217,-0.08256455,3,standing
1520160053168,-0.17045584,-0.05326745,-0.08256455,3,standing
1520160053173,-0.18110934,-0.07457443,-0.07990117,3,standing
1520160053179,-0.18643607,-0.098544784,-0.07457443,3,standing
1520160053183,-0.18110934,-0.122515135,-0.069247685,3,standing
1520160053188,-0.16779247,-0.14115874,-0.06658431,3,standing
1520160053193,-0.1464855,-0.15181224,-0.061257567,3,standing
1520160053199,-0.122515135,-0.15713897,-0.05326745,3,standing
1520160053203,-0.09588141,-0.15181224,-0.04261396,3,standing
1520160053208,-0.069247685,-0.13849537,-0.031960472,3,standing
1520160053213,-0.047940705,-0.117188394,-0.02130698,3,standing
1520160053218,-0.029297099,-0.093218036,-0.013316862,3,standing
1520160053256,-0.039950587,0.013316862,-0.063920945,3,standing
1520160053261,-0.058594197,-0.0026633726,-0.07457443,3,standing
1520160053265,-0.058594197,-0.0026633726,-0.07457443,3,standing
1520160053269,-0.069247685,-0.015980236,-0.07723781,3,standing
1520160053273,-0.08256455,-0.029297099,-0.07457443,3,standing
1520160053278,-0.093218036,-0.039950587,-0.07457443,3,standing
1520160053283,-0.10120816,-0.05060408,-0.07457443,3,standing
1520160053288,-0.10387153,-0.055930823,-0.069247685,3,standing
1520160053293,-0.10120816,-0.055930823,-0.063920945,3,standing
1520160053298,-0.09055467,-0.055930823,-0.061257567,3,standing
1520160053304,-0.07457443,-0.05326745,-0.055930823,3,standing
1520160053308,-0.05326745,-0.047940705,-0.055930823,3,standing
1520160053313,-0.029297099,-0.04261396,-0.05326745,3,standing
1520160053318,-0.005326745,-0.034623843,-0.05060408,3,standing
1520160053323,0.007990118,-0.023970352,-0.045277335,3,standing
1520160053328,0.02130698,-0.01065349,-0.037287217,3,standing
1520160053333,0.026633725,0.0,-0.031960472,3,standing
1520160053339,0.031960472,0.013316862,-0.026633725,3,standing
1520160053343,0.029297099,0.023970352,-0.02130698,3,standing
1520160053348,0.026633725,0.029297099,-0.02130698,3,standing
1520160053383,-0.007990118,0.01065349,-0.026633725,3,standing
1520160053388,-0.02130698,0.007990118,-0.029297099,3,standing
1520160053394,-0.031960472,0.005326745,-0.037287217,3,standing
1520160053398,-0.039950587,0.0,-0.047940705,3,standing
1520160053403,-0.045277335,-0.0026633726,-0.058594197,3,standing
1520160053408,-0.045277335,-0.007990118,-0.069247685,3,standing
1520160053413,-0.039950587,-0.01065349,-0.07457443,3,standing
1520160053418,-0.031960472,-0.01065349,-0.07457443,3,standing
1520160053423,-0.018643608,-0.005326745,-0.069247685,3,standing
1520160053428,-0.005326745,0.0,-0.061257567,3,standing
1520160053433,0.0026633726,0.013316862,-0.05326745,3,standing
1520160053438,0.007990118,0.026633725,-0.04261396,3,standing
1520160053443,0.007990118,0.037287217,-0.037287217,3,standing
1520160053448,0.0026633726,0.047940705,-0.037287217,3,standing
1520160053453,-0.0026633726,0.05060408,-0.037287217,3,standing
1520160053458,-0.015980236,0.047940705,-0.04261396,3,standing
1520160053463,-0.034623843,0.039950587,-0.045277335,3,standing
1520160053468,-0.05326745,0.018643608,-0.047940705,3,standing
1520160053473,-0.07191106,-0.005326745,-0.05060408,3,standing
1520160053478,-0.08522792,-0.037287217,-0.047940705,3,standing
1520160053516,-0.031960472,-0.1944262,0.04261396,3,standing
1520160053521,-0.015980236,-0.18909945,0.034623843,3,standing
1520160053525,-0.015980236,-0.18909945,0.034623843,3,standing
1520160053529,-0.0026633726,-0.18377271,0.026633725,3,standing
1520160053534,0.0026633726,-0.17311922,0.018643608,3,standing
1520160053538,0.005326745,-0.16246572,0.007990118,3,standing
1520160053543,0.0,-0.15181224,0.0,3,standing
1520160053548,-0.01065349,-0.14382212,-0.0026633726,3,standing
1520160053553,-0.023970352,-0.135832,-0.0026633726,3,standing
1520160053558,-0.04261396,-0.13050525,0.0,3,standing
1520160053563,-0.063920945,-0.12517852,0.005326745,3,standing
1520160053568,-0.08522792,-0.11452502,0.01065349,3,standing
1520160053573,-0.10919827,-0.1065349,0.015980236,3,standing
1520160053578,-0.13050525,-0.09588141,0.02130698,3,standing
1520160053583,-0.14382212,-0.087891296,0.029297099,3,standing
1520160053588,-0.14914887,-0.08256455,0.037287217,3,standing
1520160053593,-0.14382212,-0.07723781,0.047940705,3,standing
1520160053598,-0.13050525,-0.07457443,0.061257567,3,standing
1520160053603,-0.111861646,-0.07191106,0.07191106,3,standing
1520160053608,-0.09588141,-0.069247685,0.07723781,3,standing
1520160053653,-0.07990117,-0.039950587,0.07457443,3,standing
1520160053659,-0.093218036,-0.034623843,0.06658431,3,standing
1520160053663,-0.1065349,-0.029297099,0.05326745,3,standing
1520160053667,-0.117188394,-0.026633725,0.034623843,3,standing
1520160053673,-0.13050525,-0.023970352,0.015980236,3,standing
1520160053678,-0.14382212,-0.02130698,-0.007990118,3,standing
1520160053683,-0.15447561,-0.023970352,-0.034623843,3,standing
1520160053688,-0.15980235,-0.029297099,-0.058594197,3,standing
1520160053694,-0.15980235,-0.034623843,-0.07457443,3,standing
1520160053698,-0.14914887,-0.037287217,-0.07990117,3,standing
1520160053702,-0.13316862,-0.034623843,-0.07457443,3,standing
1520160053708,-0.1065349,-0.031960472,-0.058594197,3,standing
1520160053713,-0.07191106,-0.026633725,-0.031960472,3,standing
1520160053718,-0.034623843,-0.018643608,0.0,3,standing
1520160053723,0.0026633726,-0.01065349,0.023970352,3,standing
1520160053727,0.039950587,-0.0026633726,0.047940705,3,standing
1520160053732,0.07457443,0.0,0.058594197,3,standing
1520160053738,0.098544784,0.005326745,0.061257567,3,standing
1520160053743,0.10919827,0.01065349,0.055930823,3,standing
1520160053748,0.10919827,0.013316862,0.045277335,3,standing
1520160053797,-0.063920945,0.0,-0.029297099,3,standing
1520160053801,-0.05060408,0.0026633726,-0.026633725,3,standing
1520160053805,-0.029297099,0.01065349,-0.02130698,3,standing
1520160053809,-0.029297099,0.01065349,-0.02130698,3,standing
1520160053813,-0.01065349,0.02130698,-0.01065349,3,standing
1520160053818,0.01065349,0.031960472,0.0,3,standing
1520160053822,0.031960472,0.039950587,0.01065349,3,standing
1520160053828,0.05326745,0.047940705,0.02130698,3,standing
1520160053833,0.07723781,0.055930823,0.029297099,3,standing
1520160053838,0.093218036,0.063920945,0.034623843,3,standing
1520160053843,0.1065349,0.069247685,0.034623843,3,standing
1520160053847,0.10919827,0.07457443,0.029297099,3,standing
1520160053853,0.10387153,0.07990117,0.018643608,3,standing
1520160053858,0.087891296,0.07990117,0.005326745,3,standing
1520160053863,0.069247685,0.07990117,-0.005326745,3,standing
1520160053868,0.047940705,0.07723781,-0.02130698,3,standing
1520160053873,0.023970352,0.069247685,-0.031960472,3,standing
1520160053877,0.0026633726,0.05326745,-0.04261396,3,standing
1520160053882,-0.013316862,0.031960472,-0.05326745,3,standing
1520160053887,-0.023970352,0.01065349,-0.058594197,3,standing
1520160053935,0.098544784,0.047940705,0.018643608,3,standing
1520160053940,0.10919827,0.061257567,0.015980236,3,standing
1520160053943,0.111861646,0.069247685,0.007990118,3,standing
1520160053947,0.10919827,0.07191106,0.0,3,standing
1520160053952,0.098544784,0.06658431,-0.005326745,3,standing
1520160053957,0.08256455,0.058594197,-0.005326745,3,standing
1520160053962,0.061257567,0.04261396,-0.005326745,3,standing
1520160053967,0.04261396,0.026633725,-0.005326745,3,standing
1520160053972,0.023970352,0.013316862,-0.005326745,3,standing
1520160053978,0.01065349,0.005326745,-0.007990118,3,standing
1520160053982,0.005326745,0.0,-0.01065349,3,standing
1520160053987,0.005326745,-0.0026633726,-0.018643608,3,standing
1520160053992,0.013316862,-0.005326745,-0.023970352,3,standing
1520160053998,0.026633725,-0.007990118,-0.029297099,3,standing
1520160054002,0.045277335,-0.013316862,-0.031960472,3,standing
1520160054007,0.061257567,-0.018643608,-0.031960472,3,standing
1520160054013,0.07191106,-0.018643608,-0.029297099,3,standing
1520160054018,0.07723781,-0.013316862,-0.026633725,3,standing
1520160054022,0.07723781,-0.005326745,-0.02130698,3,standing
1520160054027,0.07457443,0.0,-0.018643608,3,standing
1520160054074,0.013316862,0.015980236,-0.02130698,3,standing
1520160054079,0.0,0.007990118,-0.02130698,3,standing
1520160054083,-0.018643608,0.0,-0.02130698,3,standing
1520160054087,-0.039950587,-0.007990118,-0.02130698,3,standing
1520160054092,-0.058594197,-0.015980236,-0.018643608,3,standing
1520160054097,-0.07191106,-0.023970352,-0.015980236,3,standing
1520160054103,-0.07990117,-0.031960472,-0.015980236,3,standing
1520160054107,-0.07723781,-0.037287217,-0.013316862,3,standing
1520160054112,-0.069247685,-0.039950587,-0.01065349,3,standing
1520160054117,-0.05326745,-0.04261396,-0.01065349,3,standing
1520160054122,-0.034623843,-0.045277335,-0.005326745,3,standing
1520160054127,-0.015980236,-0.045277335,0.0,3,standing
1520160054132,0.0,-0.045277335,0.0026633726,3,standing
1520160054138,0.005326745,-0.039950587,0.007990118,3,standing
1520160054142,0.007990118,-0.037287217,0.015980236,3,standing
1520160054147,0.0026633726,-0.029297099,0.023970352,3,standing
1520160054152,-0.0026633726,-0.023970352,0.029297099,3,standing
1520160054157,-0.015980236,-0.018643608,0.037287217,3,standing
1520160054162,-0.034623843,-0.013316862,0.039950587,3,standing
1520160054167,-0.05326745,-0.007990118,0.045277335,3,standing
1520160054203,-0.037287217,0.015980236,0.031960472,3,standing
1520160054208,-0.018643608,0.015980236,0.023970352,3,standing
1520160054212,-0.0026633726,0.015980236,0.013316862,3,standing
1520160054217,0.005326745,0.015980236,0.007990118,3,standing
1520160054222,0.013316862,0.015980236,0.0026633726,3,standing
1520160054228,0.013316862,0.015980236,0.005326745,3,standing
1520160054233,0.013316862,0.01065349,0.015980236,3,standing
1520160054237,0.013316862,0.005326745,0.031960472,3,standing
1520160054242,0.007990118,0.0,0.05060408,3,standing
1520160054247,0.005326745,-0.0026633726,0.063920945,3,standing
1520160054252,0.0026633726,-0.005326745,0.07191106,3,standing
1520160054257,0.0,-0.005326745,0.07457443,3,standing
1520160054263,-0.0026633726,-0.0026633726,0.07191106,3,standing
1520160054268,-0.005326745,0.0,0.063920945,3,standing
1520160054272,-0.005326745,0.0,0.05326745,3,standing
1520160054277,-0.007990118,0.005326745,0.045277335,3,standing
1520160054282,-0.007990118,0.01065349,0.039950587,3,standing
1520160054287,-0.01065349,0.01065349,0.034623843,3,standing
1520160054292,-0.013316862,0.01065349,0.029297099,3,standing
1520160054298,-0.015980236,0.01065349,0.023970352,3,standing
1520160054335,0.018643608,0.04261396,0.013316862,3,standing
1520160054340,0.031960472,0.047940705,0.023970352,3,standing
1520160054343,0.045277335,0.055930823,0.034623843,3,standing
1520160054347,0.05326745,0.063920945,0.04261396,3,standing
1520160054352,0.061257567,0.07191106,0.047940705,3,standing
1520160054357,0.063920945,0.07457443,0.045277335,3,standing
1520160054362,0.063920945,0.07457443,0.04261396,3,standing
1520160054367,0.061257567,0.063920945,0.034623843,3,standing
1520160054372,0.05060408,0.047940705,0.02130698,3,standing
1520160054377,0.034623843,0.029297099,0.007990118,3,standing
1520160054382,0.013316862,0.01065349,-0.005326745,3,standing
1520160054388,-0.01065349,-0.0026633726,-0.018643608,3,standing
1520160054392,-0.034623843,-0.013316862,-0.026633725,3,standing
1520160054397,-0.055930823,-0.013316862,-0.029297099,3,standing
1520160054402,-0.06658431,-0.007990118,-0.026633725,3,standing
1520160054407,-0.069247685,0.0026633726,-0.018643608,3,standing
1520160054412,-0.058594197,0.015980236,-0.01065349,3,standing
1520160054417,-0.045277335,0.031960472,-0.005326745,3,standing
1520160054423,-0.026633725,0.05060408,-0.005326745,3,standing
1520160054428,-0.01065349,0.069247685,-0.005326745,3,standing
1520160054463,0.17578259,0.098544784,0.047940705,3,standing
1520160054469,0.15713897,0.08256455,0.05326745,3,standing
1520160054472,0.11985177,0.063920945,0.05060408,3,standing
1520160054477,0.055930823,0.039950587,0.031960472,3,standing
1520160054482,-0.029297099,0.007990118,0.0026633726,3,standing
1520160054487,-0.13849537,-0.023970352,-0.034623843,3,standing
1520160054493,-0.2530204,-0.055930823,-0.08522792,3,standing
1520160054498,-0.36221868,-0.07990117,-0.135832,3,standing
1520160054502,-0.4660902,-0.09588141,-0.18643607,3,standing
1520160054507,-0.5619716,-0.10387153,-0.23171341,3,standing
1520160054512,-0.6471995,-0.098544784,-0.26633725,3,standing
1520160054517,-0.71644723,-0.087891296,-0.2903076,3,standing
1520160054522,-0.76172453,-0.07191106,-0.30628785,3,standing
1520160054527,-0.78036815,-0.055930823,-0.30895123,3,standing
1520160054532,-0.7856949,-0.055930823,-0.3196047,3,standing
1520160054537,-0.79102165,-0.058594197,-0.35156518,3,standing
1520160054542,-0.7856949,-0.06658431,-0.40216926,3,standing
1520160054548,-0.75107104,-0.06658431,-0.43412971,3,standing
1520160054552,-0.6764966,-0.055930823,-0.41015938,3,standing
1520160054557,-0.564635,-0.034623843,-0.32759482,3,standing
1520160054599,0.3968425,-0.045277335,0.063920945,3,standing
1520160054604,0.3382483,-0.07191106,0.055930823,3,standing
1520160054608,0.24503027,-0.087891296,0.05326745,3,standing
1520160054612,0.135832,-0.09055467,0.05326745,3,standing
1520160054618,0.029297099,-0.087891296,0.047940705,3,standing
1520160054622,-0.058594197,-0.07990117,0.04261396,3,standing
1520160054627,-0.12517852,-0.07191106,0.031960472,3,standing
1520160054632,-0.16779247,-0.061257567,0.018643608,3,standing
1520160054637,-0.18643607,-0.05060408,0.005326745,3,standing
1520160054642,-0.18110934,-0.04261396,0.0,3,standing
1520160054647,-0.1651291,-0.034623843,0.0,3,standing
1520160054653,-0.14382212,-0.029297099,0.005326745,3,standing
1520160054657,-0.12784189,-0.023970352,0.015980236,3,standing
1520160054662,-0.12784189,-0.018643608,0.026633725,3,standing
1520160054667,-0.14115874,-0.013316862,0.034623843,3,standing
1520160054672,-0.17578259,-0.013316862,0.037287217,3,standing
1520160054677,-0.21839654,-0.013316862,0.031960472,3,standing
1520160054682,-0.25834712,-0.015980236,0.018643608,3,standing
1520160054687,-0.292971,-0.015980236,0.0,3,standing
1520160054692,-0.3116146,-0.015980236,-0.023970352,3,standing
1520160054738,0.037287217,0.039950587,-0.07457443,3,standing
1520160054743,0.058594197,0.039950587,-0.05326745,3,standing
1520160054747,0.07723781,0.039950587,-0.034623843,3,standing
1520160054752,0.09055467,0.039950587,-0.018643608,3,standing
1520160054757,0.1065349,0.037287217,-0.005326745,3,standing
1520160054762,0.11985177,0.029297099,0.0,3,standing
1520160054767,0.13050525,0.018643608,0.0026633726,3,standing
1520160054772,0.14115874,0.01065349,0.0,3,standing
1520160054778,0.1464855,0.0,-0.007990118,3,standing
1520160054782,0.1464855,-0.007990118,-0.018643608,3,standing
1520160054787,0.14382212,-0.015980236,-0.029297099,3,standing
1520160054792,0.13849537,-0.023970352,-0.034623843,3,standing
1520160054797,0.13050525,-0.031960472,-0.031960472,3,standing
1520160054802,0.11985177,-0.039950587,-0.026633725,3,standing
1520160054807,0.111861646,-0.04261396,-0.018643608,3,standing
1520160054813,0.10387153,-0.045277335,-0.013316862,3,standing
1520160054817,0.10120816,-0.045277335,-0.007990118,3,standing
1520160054822,0.10387153,-0.047940705,-0.0026633726,3,standing
1520160054827,0.1065349,-0.05060408,0.0026633726,3,standing
1520160054832,0.117188394,-0.055930823,0.01065349,3,standing
1520160054875,0.32759482,-0.023970352,-0.02130698,3,standing
1520160054880,0.26367387,-0.01065349,-0.015980236,3,standing
1520160054884,0.26367387,-0.01065349,-0.015980236,3,standing
1520160054888,0.19708957,-0.01065349,-0.005326745,3,standing
1520160054892,0.135832,-0.018643608,0.0026633726,3,standing
1520160054897,0.08522792,-0.031960472,0.01065349,3,standing
1520160054902,0.04261396,-0.039950587,0.013316862,3,standing
1520160054907,0.01065349,-0.045277335,0.01065349,3,standing
1520160054912,-0.01065349,-0.045277335,0.0,3,standing
1520160054916,-0.018643608,-0.045277335,-0.007990118,3,standing
1520160054922,-0.015980236,-0.04261396,-0.018643608,3,standing
1520160054927,-0.005326745,-0.039950587,-0.023970352,3,standing
1520160054932,0.013316862,-0.039950587,-0.023970352,3,standing
1520160054938,0.045277335,-0.034623843,-0.015980236,3,standing
1520160054942,0.08256455,-0.023970352,-0.0026633726,3,standing
1520160054947,0.117188394,-0.013316862,0.007990118,3,standing
1520160054951,0.14382212,0.0,0.02130698,3,standing
1520160054957,0.16246572,0.013316862,0.034623843,3,standing
1520160054962,0.17045584,0.026633725,0.045277335,3,standing
1520160054967,0.1651291,0.031960472,0.047940705,3,standing
1520160055006,-0.07457443,-0.029297099,-0.045277335,3,standing
1520160055011,-0.08522792,-0.031960472,-0.05060408,3,standing
1520160055014,-0.08522792,-0.031960472,-0.05060408,3,standing
1520160055018,-0.09055467,-0.029297099,-0.055930823,3,standing
1520160055022,-0.093218036,-0.023970352,-0.055930823,3,standing
1520160055027,-0.087891296,-0.015980236,-0.05326745,3,standing
1520160055032,-0.07723781,0.0,-0.05060408,3,standing
1520160055037,-0.058594197,0.015980236,-0.045277335,3,standing
1520160055042,-0.037287217,0.037287217,-0.039950587,3,standing
1520160055047,-0.01065349,0.058594197,-0.037287217,3,standing
1520160055051,0.013316862,0.07191106,-0.031960472,3,standing
1520160055057,0.039950587,0.08256455,-0.026633725,3,standing
1520160055062,0.058594197,0.08256455,-0.02130698,3,standing
1520160055067,0.07191106,0.07990117,-0.015980236,3,standing
1520160055072,0.07191106,0.069247685,-0.007990118,3,standing
1520160055076,0.061257567,0.058594197,-0.0026633726,3,standing
1520160055082,0.039950587,0.04261396,0.0,3,standing
1520160055087,0.013316862,0.029297099,-0.0026633726,3,standing
1520160055092,-0.01065349,0.013316862,-0.007990118,3,standing
1520160055097,-0.034623843,-0.0026633726,-0.013316862,3,standing
1520160055146,0.10387153,-0.01065349,-0.0026633726,3,standing
1520160055152,0.1065349,-0.0026633726,0.0,3,standing
1520160055157,0.10387153,0.0026633726,0.005326745,3,standing
1520160055162,0.087891296,0.007990118,0.015980236,3,standing
1520160055167,0.069247685,0.01065349,0.026633725,3,standing
1520160055171,0.045277335,0.01065349,0.031960472,3,standing
1520160055176,0.015980236,0.005326745,0.031960472,3,standing
1520160055182,-0.005326745,0.0,0.023970352,3,standing
1520160055187,-0.026633725,-0.0026633726,0.01065349,3,standing
1520160055191,-0.037287217,-0.007990118,0.0,3,standing
1520160055197,-0.04261396,-0.01065349,-0.013316862,3,standing
1520160055202,-0.037287217,-0.013316862,-0.023970352,3,standing
1520160055207,-0.031960472,-0.013316862,-0.029297099,3,standing
1520160055212,-0.023970352,-0.013316862,-0.034623843,3,standing
1520160055216,-0.015980236,-0.013316862,-0.034623843,3,standing
1520160055222,-0.005326745,-0.015980236,-0.031960472,3,standing
1520160055227,0.0026633726,-0.018643608,-0.023970352,3,standing
1520160055232,0.015980236,-0.018643608,-0.01065349,3,standing
1520160055236,0.026633725,-0.015980236,0.0026633726,3,standing
1520160055286,0.034623843,0.058594197,-0.026633725,3,standing
1520160055293,0.023970352,0.055930823,-0.029297099,3,standing
1520160055299,-0.0026633726,0.047940705,-0.034623843,3,standing
1520160055303,-0.02130698,0.04261396,-0.039950587,3,standing
1520160055309,-0.02130698,0.04261396,-0.039950587,3,standing
1520160055314,-0.04261396,0.02130698,-0.037287217,3,standing
1520160055325,-0.055930823,-0.02130698,-0.031960472,3,standing
1520160055329,-0.087891296,-0.034623843,-0.034623843,3,standing
1520160055334,-0.087891296,-0.034623843,-0.034623843,3,standing
1520160055338,-0.135832,-0.031960472,-0.04261396,3,standing
1520160055342,-0.19708957,-0.01065349,-0.063920945,3,standing
1520160055347,-0.2610105,0.01065349,-0.10387153,3,standing
1520160055351,-0.33558494,0.023970352,-0.15713897,3,standing
1520160055356,-0.41015938,0.02130698,-0.22638667,3,standing
1520160055361,-0.48207045,0.013316862,-0.29563436,3,standing
1520160055367,-0.54599136,0.005326745,-0.3382483,3,standing
1520160055371,-0.60724896,0.007990118,-0.33292156,3,standing
1520160055376,-0.6685065,0.026633725,-0.26900062,3,standing
1520160055414,-0.3781989,-0.015980236,-0.02130698,3,standing
1520160055419,-0.2130698,-0.039950587,-0.09588141,3,standing
1520160055423,-0.2130698,-0.039950587,-0.09588141,3,standing
1520160055427,-0.14914887,-0.05060408,-0.087891296,3,standing
1520160055431,-0.09588141,-0.06658431,-0.05326745,3,standing
1520160055437,-0.05060408,-0.07723781,-0.007990118,3,standing
1520160055441,-0.01065349,-0.087891296,0.029297099,3,standing
1520160055447,0.02130698,-0.087891296,0.055930823,3,standing
1520160055452,0.05326745,-0.08256455,0.069247685,3,standing
1520160055456,0.07990117,-0.07191106,0.06658431,3,standing
1520160055461,0.10387153,-0.061257567,0.058594197,3,standing
1520160055466,0.122515135,-0.05326745,0.05060408,3,standing
1520160055472,0.13050525,-0.045277335,0.045277335,3,standing
1520160055476,0.13316862,-0.037287217,0.04261396,3,standing
1520160055482,0.13316862,-0.031960472,0.039950587,3,standing
1520160055486,0.122515135,-0.023970352,0.037287217,3,standing
1520160055491,0.10919827,-0.015980236,0.034623843,3,standing
1520160055496,0.08522792,-0.007990118,0.031960472,3,standing
1520160055501,0.055930823,-0.0026633726,0.026633725,3,standing
1520160055507,0.02130698,-0.0026633726,0.023970352,3,standing
1520160055545,-0.04261396,-0.015980236,0.005326745,3,standing
1520160055551,-0.015980236,-0.0026633726,-0.005326745,3,standing
1520160055554,0.01065349,0.005326745,-0.015980236,3,standing
1520160055558,0.01065349,0.005326745,-0.015980236,3,standing
1520160055562,0.04261396,0.015980236,-0.023970352,3,standing
1520160055567,0.07191106,0.029297099,-0.026633725,3,standing
1520160055571,0.098544784,0.039950587,-0.023970352,3,standing
1520160055577,0.122515135,0.05060408,-0.018643608,3,standing
1520160055582,0.1464855,0.061257567,-0.01065349,3,standing
1520160055586,0.1651291,0.069247685,-0.005326745,3,standing
1520160055591,0.18110934,0.07990117,-0.0026633726,3,standing
1520160055597,0.18909945,0.08522792,-0.005326745,3,standing
1520160055601,0.18909945,0.08522792,-0.013316862,3,standing
1520160055607,0.17844597,0.08522792,-0.02130698,3,standing
1520160055612,0.15980235,0.07990117,-0.029297099,3,standing
1520160055616,0.13316862,0.07191106,-0.034623843,3,standing
1520160055621,0.10120816,0.063920945,-0.039950587,3,standing
1520160055626,0.07191106,0.05326745,-0.045277335,3,standing
1520160055632,0.039950587,0.04261396,-0.055930823,3,standing
1520160055636,0.015980236,0.037287217,-0.06658431,3,standing
1520160055681,0.034623843,-0.007990118,-0.005326745,3,standing
1520160055687,0.06658431,-0.013316862,0.0,3,standing
1520160055691,0.1065349,-0.018643608,0.005326745,3,standing
1520160055696,0.14914887,-0.026633725,0.01065349,3,standing
1520160055702,0.19975294,-0.031960472,0.01065349,3,standing
1520160055706,0.26367387,-0.029297099,0.0026633726,3,standing
1520160055711,0.3409117,-0.015980236,-0.01065349,3,standing
1520160055716,0.42081288,0.0,-0.023970352,3,standing
1520160055721,0.47940707,0.018643608,-0.029297099,3,standing
1520160055726,0.50337744,0.029297099,-0.02130698,3,standing
1520160055731,0.48739716,0.031960472,0.0,3,standing
1520160055737,0.43412971,0.02130698,0.02130698,3,standing
1520160055741,0.35689193,0.007990118,0.034623843,3,standing
1520160055746,0.27699074,-0.005326745,0.031960472,3,standing
1520160055751,0.20507969,-0.015980236,0.015980236,3,standing
1520160055757,0.14914887,-0.018643608,-0.005326745,3,standing
1520160055761,0.10919827,-0.018643608,-0.023970352,3,standing
1520160055766,0.07723781,-0.013316862,-0.037287217,3,standing
1520160055772,0.05060408,-0.01065349,-0.039950587,3,standing
1520160055809,0.018643608,-0.007990118,0.026633725,3,standing
1520160055814,0.015980236,0.0,0.023970352,3,standing
1520160055818,0.015980236,0.0,0.023970352,3,standing
1520160055822,0.01065349,0.007990118,0.015980236,3,standing
1520160055826,0.005326745,0.013316862,0.007990118,3,standing
1520160055831,0.0,0.013316862,0.0,3,standing
1520160055836,-0.0026633726,0.01065349,-0.0026633726,3,standing
1520160055841,-0.007990118,0.005326745,-0.005326745,3,standing
1520160055846,-0.013316862,0.0026633726,-0.005326745,3,standing
1520160055851,-0.01065349,0.0,-0.005326745,3,standing
1520160055856,-0.0026633726,0.0,-0.0026633726,3,standing
1520160055862,0.005326745,0.005326745,-0.0026633726,3,standing
1520160055866,0.02130698,0.007990118,0.0,3,standing
1520160055871,0.037287217,0.013316862,0.0,3,standing
1520160055876,0.055930823,0.015980236,0.0,3,standing
1520160055881,0.069247685,0.02130698,0.0,3,standing
1520160055886,0.07990117,0.026633725,0.0,3,standing
1520160055891,0.08522792,0.031960472,0.0,3,standing
1520160055897,0.08522792,0.034623843,0.0,3,standing
1520160055901,0.07990117,0.037287217,0.0,3,standing
1520160055941,-0.013316862,0.018643608,0.005326745,3,standing
1520160055947,-0.013316862,0.01065349,0.005326745,3,standing
1520160055951,-0.01065349,0.005326745,0.0026633726,3,standing
1520160055956,-0.007990118,-0.0026633726,0.0,3,standing
1520160055961,-0.007990118,-0.007990118,-0.0026633726,3,standing
1520160055966,-0.007990118,-0.015980236,-0.005326745,3,standing
1520160055971,-0.007990118,-0.018643608,-0.007990118,3,standing
1520160055976,-0.007990118,-0.02130698,-0.007990118,3,standing
1520160055981,-0.005326745,-0.018643608,-0.007990118,3,standing
1520160055986,0.0026633726,-0.015980236,-0.0026633726,3,standing
1520160055991,0.018643608,-0.01065349,0.0,3,standing
1520160055996,0.037287217,-0.0026633726,0.005326745,3,standing
1520160056001,0.055930823,0.0,0.01065349,3,standing
1520160056006,0.07457443,0.0,0.015980236,3,standing
1520160056011,0.087891296,0.0026633726,0.02130698,3,standing
1520160056016,0.09588141,0.0,0.023970352,3,standing
1520160056022,0.093218036,0.0,0.023970352,3,standing
1520160056026,0.08256455,-0.0026633726,0.02130698,3,standing
1520160056031,0.063920945,-0.005326745,0.018643608,3,standing
1520160056036,0.039950587,-0.01065349,0.01065349,3,standing
1520160056084,-0.023970352,0.0026633726,0.0,3,standing
1520160056091,-0.005326745,0.018643608,0.005326745,3,standing
1520160056096,0.007990118,0.031960472,0.007990118,3,standing
1520160056102,0.023970352,0.045277335,0.01065349,3,standing
1520160056107,0.037287217,0.05060408,0.01065349,3,standing
1520160056112,0.045277335,0.05060408,0.005326745,3,standing
1520160056117,0.045277335,0.04261396,0.0,3,standing
1520160056122,0.039950587,0.029297099,-0.005326745,3,standing
1520160056127,0.026633725,0.015980236,-0.015980236,3,standing
1520160056131,0.007990118,0.0026633726,-0.023970352,3,standing
1520160056136,-0.01065349,-0.0026633726,-0.031960472,3,standing
1520160056140,-0.031960472,-0.007990118,-0.039950587,3,standing
1520160056146,-0.05326745,-0.01065349,-0.047940705,3,standing
1520160056151,-0.063920945,-0.007990118,-0.05326745,3,standing
1520160056156,-0.063920945,0.0,-0.05326745,3,standing
1520160056161,-0.05326745,0.007990118,-0.05060408,3,standing
1520160056166,-0.037287217,0.023970352,-0.04261396,3,standing
1520160056170,-0.013316862,0.04261396,-0.029297099,3,standing
1520160056176,0.01065349,0.058594197,-0.015980236,3,standing
1520160056224,-0.01065349,-0.01065349,-0.01065349,3,standing
1520160056231,-0.029297099,-0.018643608,-0.018643608,3,standing
1520160056237,-0.04261396,-0.023970352,-0.026633725,3,standing
1520160056242,-0.05060408,-0.023970352,-0.034623843,3,standing
1520160056247,-0.05060408,-0.018643608,-0.04261396,3,standing
1520160056252,-0.04261396,-0.01065349,-0.045277335,3,standing
1520160056257,-0.026633725,-0.0026633726,-0.04261396,3,standing
1520160056261,-0.01065349,0.005326745,-0.034623843,3,standing
1520160056266,0.005326745,0.01065349,-0.023970352,3,standing
1520160056271,0.023970352,0.015980236,-0.013316862,3,standing
1520160056275,0.039950587,0.02130698,-0.005326745,3,standing
1520160056281,0.047940705,0.02130698,0.0,3,standing
1520160056286,0.047940705,0.018643608,0.007990118,3,standing
1520160056291,0.031960472,0.0026633726,0.015980236,3,standing
1520160056296,0.0,-0.026633725,0.02130698,3,standing
1520160056300,-0.045277335,-0.07457443,0.029297099,3,standing
1520160056306,-0.08522792,-0.122515135,0.037287217,3,standing
1520160056310,-0.10120816,-0.15980235,0.047940705,3,standing
1520160056316,-0.093218036,-0.17844597,0.061257567,3,standing
1520160056363,0.30362448,0.098544784,0.069247685,3,standing
1520160056369,0.22372329,0.14115874,0.023970352,3,standing
1520160056373,0.15713897,0.14914887,0.0,3,standing
1520160056379,0.07723781,0.15181224,-0.034623843,3,standing
1520160056384,-0.007990118,0.14914887,-0.07990117,3,standing
1520160056389,-0.098544784,0.14115874,-0.135832,3,standing
1520160056394,-0.098544784,0.14115874,-0.135832,3,standing
1520160056399,-0.26633725,0.122515135,-0.24769364,3,standing
1520160056403,-0.33292156,0.10387153,-0.28764424,3,standing
1520160056408,-0.33292156,0.10387153,-0.28764424,3,standing
1520160056412,-0.38086227,0.06658431,-0.29829773,3,standing
1520160056417,-0.3968425,0.007990118,-0.26633725,3,standing
1520160056420,-0.37020877,-0.06658431,-0.18377271,3,standing
1520160056426,-0.29563436,-0.13849537,-0.07457443,3,standing
1520160056431,-0.17844597,-0.18909945,0.026633725,3,standing
1520160056435,-0.04261396,-0.21040644,0.10120816,3,standing
1520160056440,0.08256455,-0.19975294,0.135832,3,standing
